{
  "XGBoost": {
    "accuracy": 0.6715195632393085,
    "f1_macro": 0.5535614050530294,
    "f1_weighted": 0.6647889552180574,
    "auc": 0.8029518326603282
  },
  "1D CNN": {
    "accuracy": 0.6983621474067334,
    "f1_macro": 0.5765031853447299,
    "f1_weighted": 0.6955040734751478,
    "auc": 0.8345227275309993
  },
  "CNN-LSTM": {
    "accuracy": 0.6683348498635123,
    "f1_macro": 0.5353521391511811,
    "f1_weighted": 0.6807014100348511,
    "auc": 0.8266463627498808
  },
  "Multi-Modal": {
    "accuracy": 0.7029117379435851,
    "f1_macro": 0.5701833206965887,
    "f1_weighted": 0.7027445509711807,
    "auc": 0.827789288574885
  }
}